Position,Reference_Codon,Query_Codon,Mutation_Type
5,AAA,AAC,Missense Substitution
44,TCG,TCA,Silent Substitution
81,ATC,TTC,Missense Substitution
99,CGG,GGG,Missense Substitution
186,AGG,CGG,Silent Substitution
204,TCC,---,In-Frame Deletion
207,GTG,---,In-Frame Deletion
210,TTG,---,In-Frame Deletion
213,CAG,---,In-Frame Deletion
222,ATC,TTC,Missense Substitution
256,GAA,GTA,Missense Substitution
334,TCG,TAG,Nonsense Substitution
352,TGG,TCG,Missense Substitution
356,CTT,CTA,Silent Substitution
400,TCT,TTT,Missense Substitution
406,AGA,AAA,Missense Substitution
409,TGG,TAG,Nonsense Substitution
491,TGC,TGA,Nonsense Substitution
547,CAT,CTT,Missense Substitution
560,TCG,TCT,Silent Substitution
562,TAG,TGC,Read-Through Substitution
575,ACT,ACC,Silent Substitution
582,CCT,GCC,Missense Substitution
619,CCG,CGG,Missense Substitution
690,ATT,GTT,Missense Substitution
739,AGA,ACA,Missense Substitution
752,CAC,CAA,Missense Substitution
763,CAG,CGG,Missense Substitution
788,GCG,GCT,Silent Substitution
898,TTC,TAC,Missense Substitution
900,ATG,TTG,Missense Substitution
911,GTC,GTT,Silent Substitution
954,CTG,GTG,Missense Substitution
970,GCA,GTA,Missense Substitution
989,CAC,CAT,Silent Substitution
1030,TGA,TCA,Read-through Substitution
1061,CTT,CTA,Silent Substitution
1082,TTT,TTC,Silent Substitution
1109,CAA,CAT,Missense Substitution
1207,AAT,ACT,Missense Substitution
1231,GTG,GAG,Missense Substitution
1262,GAC,GAA,Missense Substitution
1284,TTG,GTG,Missense Substitution
1301,CAC,CAG,Missense Substitution
1319,AGA,AGT,Missense Substitution
1383,TCA,CCA,Missense Substitution
1431,TGA,GGA,Read-through Substitution
1458,TAA,GAA,Read-through Substitution
1476,TGC,GAC,Missense Substitution
1495,GTT,GAT,Missense Substitution
1501,TTA,TCA,Missense Substitution
1606,TGA,TTA,Read-through Substitution
1620,AAT,CAT,Missense Substitution
1635,GAA,AAA,Missense Substitution
1644,CAT,TAT,Missense Substitution
1686,CAT,AAT,Missense Substitution
1717,AAG,ATG,Missense Substitution
1729,GGA,GTA,Missense Substitution
1744,TTT,TCT,Missense Substitution
1759,ATT,AAT,Missense Substitution
1762,CAA,CCA,Missense Substitution
1817,AAA,AAG,Silent Substitution
1821,TGC,CGC,Missense Substitution
1838,TGA,TGC,Read-through Substitution
1869,ATT,GTT,Missense Substitution
1876,ATC,AGC,Missense Substitution
1897,ACG,ATG,Missense Substitution
1924,AAC,ATC,Missense Substitution
1942,GCG,GGG,Missense Substitution
1950,ACA,CCA,Missense Substitution
1974,AGA,CGA,Silent Substitution
2014,TAT,TGT,Missense Substitution
2043,---,ACT,In-Frame Insertion
2046,---,ATT,In-Frame Insertion
2049,---,CCG,In-Frame Insertion
2052,-CA,GCA,Frame-Shift Insertion
2138,AT-,ATT,Frame-Shift Insertion
2139,---,GTA,In-Frame Insertion
2142,---,TCA,In-Frame Insertion
2145,---,AGT,In-Frame Insertion
2148,---,CCG,In-Frame Insertion
2217,GAC,AAC,Missense Substitution
2228,GAA,GAC,Missense Substitution
2251,TGT,TCT,Missense Substitution
2268,GGT,TGT,Missense Substitution
2276,CAA,CAT,Missense Substitution
2290,GCA,GTA,Missense Substitution
2295,GAA,CAA,Missense Substitution
2425,TCA,TGA,Nonsense Substitution
2449,GTT,GAT,Missense Substitution
2491,GCC,GGC,Missense Substitution
2515,GAG,GGG,Missense Substitution
2523,ACA,AAG,Missense Substitution
2568,GGT,AGT,Missense Substitution
2624,GTT,GTC,Silent Substitution
2699,CCT,CCC,Silent Substitution
2754,GTT,ATT,Missense Substitution
2828,GAA,GAG,Silent Substitution
2897,GAG,GAC,Missense Substitution
2930,AAA,AAC,Missense Substitution
2951,GAA,GAT,Missense Substitution
2955,CTT,ATT,Missense Substitution
2986,TGG,TTG,Missense Substitution
3009,TTT,CTT,Missense Substitution
3033,TTG,ATG,Missense Substitution
3072,GAG,CAG,Missense Substitution
3115,CCA,CAA,Missense Substitution
3162,CCT,TCT,Missense Substitution
3183,TCT,GCT,Missense Substitution
3207,GAG,TAG,Nonsense Substitution
3210,CAA,TAA,Nonsense Substitution
3235,GAT,GGT,Missense Substitution
3242,CAA,CAT,Missense Substitution
3354,ATT,CTT,Missense Substitution
3400,GTA,GGA,Missense Substitution
3402,TAC,CAC,Missense Substitution
3410,AAA,AAC,Missense Substitution
3462,AAT,TAT,Missense Substitution
3500,GTT,GTA,Silent Substitution
3574,CCA,CTA,Missense Substitution
3606,GGA,CGA,Missense Substitution
3650,AAT,AAA,Missense Substitution
3742,GGT,GCT,Missense Substitution
3814,GCT,GAT,Missense Substitution
3836,TAT,TAC,Silent Substitution
3854,AGC,AGT,Silent Substitution
3867,AAG,TAG,Nonsense Substitution
3918,GTT,CTT,Missense Substitution
3949,TCA,TTA,Missense Substitution
3992,TGT,TGG,Missense Substitution
4006,ACA,AAA,Missense Substitution
4059,GAC,TAC,Missense Substitution
4109,ATT,ATA,Silent Substitution
4128,AAA,GAA,Missense Substitution
4144,ATA,AAA,Missense Substitution
4220,GAA,GAG,Silent Substitution
4246,GTG,GGG,Missense Substitution
4369,TCT,TGT,Missense Substitution
4381,CAA,CCC,Missense Substitution
4434,GAA,CAA,Missense Substitution
4467,GAA,AAA,Missense Substitution
4516,AAA,ATA,Missense Substitution
4520,ATA,ATT,Silent Substitution
4530,GTG,CCG,Missense Substitution
4610,CTA,CTC,Silent Substitution
4611,AAT,TAT,Missense Substitution
4618,ACT,AAT,Missense Substitution
4635,CTT,GTT,Missense Substitution
4647,ACA,TCA,Missense Substitution
4678,CGG,CCG,Missense Substitution
4698,GTG,TTG,Missense Substitution
4707,ACA,CCA,Missense Substitution
4718,GTT,GTC,Silent Substitution
4724,TC-,TCG,Frame-Shift Insertion
4725,---,CGG,In-Frame Insertion
4728,---,AGA,In-Frame Insertion
4731,---,GTC,In-Frame Insertion
4734,---,ATT,In-Frame Insertion
4737,---,CTA,In-Frame Insertion
4740,---,GCA,In-Frame Insertion
4743,---,GAA,In-Frame Insertion
4746,---,AAG,In-Frame Insertion
4794,TAA,GAA,Read-through Substitution
4826,CAT,CAG,Missense Substitution
4878,ACT,GCT,Missense Substitution
4900,GAG,GTG,Missense Substitution
5009,GAG,GAT,Missense Substitution
5084,TGG,TGA,Nonsense Substitution
5096,TGG,TGC,Missense Substitution
5098,TCC,TAC,Missense Substitution
5133,AAA,CAA,Missense Substitution
5172,TTT,CTT,Missense Substitution
5183,TGA,TGG,Read-through Substitution
5197,TGT,TTT,Missense Substitution
5205,TTT,GTT,Missense Substitution
5231,TCC,TCT,Silent Substitution
5240,TCT,TCC,Silent Substitution
5277,GTG,ATG,Missense Substitution
5306,AAC,AAA,Missense Substitution
5382,TAA,CAA,Read-through Substitution
5386,TCC,TGC,Missense Substitution
5394,TCT,CCT,Missense Substitution
5437,TAA,TTA,Read-through Substitution
5440,CTT,CCT,Missense Substitution
5495,TGT,TGG,Missense Substitution
5532,TTT,ATT,Missense Substitution
5545,CAA,CGA,Missense Substitution
5552,AGT,AGA,Missense Substitution
5567,GTG,GTC,Silent Substitution
5623,CAT,CTT,Missense Substitution
5635,TTC,TAC,Missense Substitution
5637,TTA,GTA,Missense Substitution
5640,TGA,CGA,Read-through Substitution
5686,ACA,AGA,Missense Substitution
5715,GTC,TTC,Missense Substitution
5732,GAT,GAG,Missense Substitution
5751,GTA,CTA,Missense Substitution
5824,ACA,ATA,Missense Substitution
5832,TTC,CTC,Missense Substitution
5898,TAT,AAT,Missense Substitution
5918,CAA,CAT,Missense Substitution
5956,TTA,TCA,Missense Substitution
5973,TGT,AGT,Missense Substitution
6012,TAA,AAA,Read-through Substitution
6084,CTT,ATT,Missense Substitution
6123,TGC,AGC,Missense Substitution
6134,TTT,TTA,Missense Substitution
6180,AGT,CGT,Missense Substitution
6216,GGC,CGC,Missense Substitution
6230,TAA,TAT,Read-through Substitution
6247,TTT,TGT,Missense Substitution
6338,GTG,GTC,Silent Substitution
6376,ATC,AGC,Missense Substitution
6383,TTC,TTA,Missense Substitution
6403,AGA,ACA,Missense Substitution
6407,GGA,GGT,Silent Substitution
6423,TAA,AAA,Read-through Substitution
6447,ACC,TCC,Missense Substitution
6450,AGT,CGT,Missense Substitution
6470,GGA,GGC,Silent Substitution
6480,CAT,AAT,Missense Substitution
6505,TAA,TTA,Read-through Substitution
6602,GGC,GGT,Silent Substitution
6614,AGA,AGC,Missense Substitution
6644,TAA,TAG,Silent Substitution
6652,ATC,AAC,Missense Substitution
6671,GAA,GAC,Missense Substitution
6678,TGC,GGC,Missense Substitution
6736,TGC,TTC,Missense Substitution
6743,GCC,GCA,Silent Substitution
6774,TAA,GAA,Read-through Substitution
6792,TTT,CTT,Missense Substitution
6799,CCG,CAG,Missense Substitution
6817,TAT,TTT,Missense Substitution
6821,GCC,GCT,Silent Substitution
6831,TAC,AAC,Missense Substitution
6877,TAG,TGT,Read-Through Substitution
6892,TAT,TGT,Missense Substitution
6894,GCC,CCC,Missense Substitution
6899,GAC,GAT,Silent Substitution
7067,TGT,TGG,Missense Substitution
7078,TAA,TCA,Read-through Substitution
7150,AAC,AGC,Missense Substitution
7167,---,TAG,In-Frame Insertion
7170,---,TTT,In-Frame Insertion
7173,---,AAC,In-Frame Insertion
7176,---,TAG,In-Frame Insertion
7194,TTG,ATG,Missense Substitution
7209,AGA,GGA,Missense Substitution
7234,TTT,TGT,Missense Substitution
7292,CTT,CTA,Silent Substitution
7298,TGC,TGT,Silent Substitution
7312,GGC,GAC,Missense Substitution
7349,TGG,TGT,Missense Substitution
7424,GTT,GTA,Silent Substitution
7425,AAT,TAT,Missense Substitution
7452,GAT,TAT,Missense Substitution
7528,AGA,ACA,Missense Substitution
7581,AAG,CAG,Missense Substitution
7619,AAG,AAC,Missense Substitution
7652,AGG,AGC,Missense Substitution
7662,ACT,GCT,Missense Substitution
7687,TTG,TCG,Missense Substitution
7769,AAA,AAT,Missense Substitution
7793,CAT,CAA,Missense Substitution
7794,CGT,GGT,Missense Substitution
7804,TGT,TTT,Missense Substitution
7827,CCA,GCA,Missense Substitution
7854,AAA,GAA,Missense Substitution
7869,ACA,TCA,Missense Substitution
7889,TGT,TGC,Silent Substitution
7894,CTT,CGT,Missense Substitution
7944,TAT,AAT,Missense Substitution
7952,TTT,TTG,Missense Substitution
7970,ATG,ATC,Missense Substitution
8009,CAG,CAT,Missense Substitution
8031,---,AAT,In-Frame Insertion
8144,AAT,AAG,Missense Substitution
8176,AGA,ACA,Missense Substitution
8186,ACT,ACG,Silent Substitution
8205,AGA,CGA,Silent Substitution
8267,AGA,AGC,Missense Substitution
8271,TAA,CAA,Read-through Substitution
8283,TGA,AGA,Read-through Substitution
8293,TAA,TTA,Read-through Substitution
8297,ATT,ATC,Silent Substitution
8298,GTC,CTC,Missense Substitution
8317,AGA,AAA,Missense Substitution
8326,TGG,TAG,Nonsense Substitution
8334,TTG,CTG,Silent Substitution
8370,AAA,CAA,Missense Substitution
8380,ACC,AAC,Missense Substitution
8393,TGG,TGA,Nonsense Substitution
8397,TTG,ATC,Missense Substitution
8404,TGA,TTA,Read-through Substitution
8411,TAG,TAA,Silent Substitution
8448,CAA,GAA,Missense Substitution
8457,TTT,CTT,Missense Substitution
8586,TGT,CGT,Missense Substitution
8603,AGC,AGA,Missense Substitution
8615,TGG,TGA,Nonsense Substitution
8661,TGT,AGT,Missense Substitution
8667,CCT,TCT,Missense Substitution
8686,TTT,TCT,Missense Substitution
8695,AAT,ACT,Missense Substitution
8711,TGT,TGC,Silent Substitution
8715,GTC,ATC,Missense Substitution
8752,ATA,AGA,Missense Substitution
8763,TGA,AGA,Read-through Substitution
8830,TGA,TCA,Read-through Substitution
8850,TGG,GGG,Missense Substitution
8877,TTG,ATG,Missense Substitution
8904,AAG,GAG,Missense Substitution
8920,TGT,TCT,Missense Substitution
8932,TTT,TGT,Missense Substitution
8949,ACG,CCG,Missense Substitution
8984,ACC,ACG,Silent Substitution
8988,AGT,GGT,Missense Substitution
8991,TTT,GTT,Missense Substitution
9006,TAA,CAA,Read-through Substitution
9022,ACC,ATC,Missense Substitution
9036,AGA,TGA,Nonsense Substitution
9075,TGC,AGC,Missense Substitution
9086,TAC,TAT,Silent Substitution
9091,TTT,TAT,Missense Substitution
9128,TTA,TTC,Missense Substitution
9139,TGT,TAT,Missense Substitution
9154,TGT,TCT,Missense Substitution
9166,AAG,ATG,Missense Substitution
9191,TGT,TGG,Missense Substitution
9220,TCC,TAC,Missense Substitution
9224,TAA,TAT,Read-through Substitution
9232,CCT,CTT,Missense Substitution
9246,TAG,AAG,Read-through Substitution
9249,AGT,GGT,Missense Substitution
9266,TGA,TGG,Read-through Substitution
9345,TAA,CAA,Read-through Substitution
9406,ACT,AAT,Missense Substitution
9412,TAA,TTA,Read-through Substitution
9416,TAT,TAC,Silent Substitution
9423,ACC,TCC,Missense Substitution
9429,---,ACA,In-Frame Insertion
9432,---,GTC,In-Frame Insertion
9435,---,TTT,In-Frame Insertion
9438,---,CCG,In-Frame Insertion
9445,TTC,TGC,Missense Substitution
9479,CTA,CTT,Silent Substitution
9491,GTG,GTC,Silent Substitution
9521,TTG,TTT,Missense Substitution
9580,TTA,TGA,Nonsense Substitution
9593,TAT,TAA,Nonsense Substitution
9671,TGT,TGC,Silent Substitution
9701,TTT,TTG,Missense Substitution
9755,TCT,TCC,Silent Substitution
9781,GTA,GCA,Missense Substitution
9818,ATT,ATC,Silent Substitution
9826,AGA,ATA,Missense Substitution
9828,GAC,AAC,Missense Substitution
9881,TGT,TGG,Missense Substitution
9932,TGC,TGG,Missense Substitution
9944,TTA,TTT,Missense Substitution
9945,CGC,GGC,Missense Substitution
9970,TTT,TAT,Missense Substitution
10022,GAG,GAT,Missense Substitution
10029,CTT,GTT,Missense Substitution
10093,AAC,ATC,Missense Substitution
10142,GAA,GAG,Silent Substitution
10159,CTG,CAG,Missense Substitution
10206,CAC,TAC,Missense Substitution
10259,TCT,TCG,Silent Substitution
10277,TGC,TGT,Silent Substitution
10278,TTA,CTA,Silent Substitution
10284,CTA,TTA,Silent Substitution
10295,AAG,AAT,Missense Substitution
10297,ATT,ACT,Missense Substitution
10321,ATA,AAA,Missense Substitution
10330,TGG,TCG,Missense Substitution
10392,AGC,TGC,Missense Substitution
10434,AGT,GGT,Missense Substitution
10597,GTG,GGG,Missense Substitution
10660,TAG,TCG,Read-through Substitution
10687,TTG,TAG,Nonsense Substitution
10721,ACA,ACG,Silent Substitution
10725,CTA,TTA,Silent Substitution
10794,GAT,CAT,Missense Substitution
10885,CTC,CGC,Missense Substitution
10890,CTG,GTG,Missense Substitution
10896,AAA,TAA,Nonsense Substitution
10920,TGT,CGT,Missense Substitution
10969,CCA,CTA,Missense Substitution
11053,CAG,CCG,Missense Substitution
11214,CAA,TAA,Nonsense Substitution
11241,CAT,GAT,Missense Substitution
11248,TCT,TTT,Missense Substitution
11343,ATA,CTA,Missense Substitution
11403,CTG,TTG,Silent Substitution
11423,TTA,TTC,Missense Substitution
11484,TGA,GGA,Read-through Substitution
11577,GTG,CTG,Missense Substitution
11587,CAA,CTT,Missense Substitution
11626,GTG,GCG,Missense Substitution
11633,AGT,AGG,Missense Substitution
11646,TCT,GCT,Missense Substitution
11655,CTG,TTG,Silent Substitution
11700,GCT,TCT,Missense Substitution
11706,TTT,ATT,Missense Substitution
11767,GTG,GAG,Missense Substitution
11819,AGG,AGC,Missense Substitution
11823,TAC,CAC,Missense Substitution
11951,TAG,TAC,Read-through Substitution
11979,GAG,AAG,Missense Substitution
12028,ATG,AAG,Missense Substitution
12052,CTA,CGA,Missense Substitution
12071,AAA,AAT,Missense Substitution
12095,TGC,TGG,Missense Substitution
12162,TAC,CAA,Missense Substitution
12166,AAG,ACG,Missense Substitution
12259,CTG,CAG,Missense Substitution
12398,AGG,AGA,Silent Substitution
12453,GAA,AAA,Missense Substitution
12478,ACA,AAA,Missense Substitution
12496,CAA,CTA,Missense Substitution
12498,GAG,TAG,Nonsense Substitution
12515,CCT,CCG,Silent Substitution
12552,TGG,AGG,Missense Substitution
12555,TTG,ATG,Missense Substitution
12612,ATG,CTG,Missense Substitution
12686,GTA,GTC,Silent Substitution
12731,CTT,CTG,Silent Substitution
12755,AAT,AAG,Missense Substitution
12792,AGA,TGA,Nonsense Substitution
12856,ACA,ATA,Missense Substitution
12880,TTG,TCG,Missense Substitution
12895,TAT,TTT,Missense Substitution
12911,AT-,ATC,Frame-Shift Insertion
12912,---,GAT,In-Frame Insertion
12915,--T,GGT,Frame-Shift Insertion
12923,AAT,AAC,Silent Substitution
12924,GGG,TGG,Missense Substitution
12940,AGA,ATA,Missense Substitution
12949,GAA,GCA,Missense Substitution
12951,CTG,GTG,Missense Substitution
13013,GTC,GTT,Silent Substitution
13094,CAG,CAA,Silent Substitution
13096,TAC,TGC,Missense Substitution
13122,AAG,CAG,Missense Substitution
13128,CTG,GTG,Missense Substitution
13195,ATC,AAC,Missense Substitution
13232,TTA,TTT,Missense Substitution
13256,GTA,GTG,Silent Substitution
13265,AGG,AGT,Missense Substitution
13283,CGG,CGC,Silent Substitution
13340,GTT,GTC,Silent Substitution
13362,CTA,ATA,Missense Substitution
13449,CAG,AAG,Missense Substitution
13456,GTA,GAA,Missense Substitution
13491,GTT,TTT,Missense Substitution
13530,ATG,TTG,Missense Substitution
13573,CCG,CGG,Missense Substitution
13610,TGT,TGC,Silent Substitution
13638,TGA,CGA,Read-through Substitution
13660,TAA,TTA,Read-through Substitution
13678,TTG,TAG,Nonsense Substitution
13734,AGT,CGT,Missense Substitution
13744,A--,AGA,Frame-Shift Insertion
13746,---,AAG,In-Frame Insertion
13749,---,GAT,In-Frame Insertion
13752,---,CTC,In-Frame Insertion
13755,---,GAG,In-Frame Insertion
13758,---,TGC,In-Frame Insertion
13765,ACT,ATT,Missense Substitution
13809,AAG,TAG,Nonsense Substitution
13872,CCA,ACA,Missense Substitution
13886,CGT,CGC,Silent Substitution
13912,GCA,GAA,Missense Substitution
13967,AAA,AAT,Missense Substitution
14038,GAA,GGA,Missense Substitution
14054,TTA,TTC,Missense Substitution
14123,GCC,GCT,Silent Substitution
14139,ATT,CTT,Missense Substitution
14156,ACA,ACG,Silent Substitution
14158,TTA,TAA,Nonsense Substitution
14164,AAT,AGT,Missense Substitution
14187,TAT,AAT,Missense Substitution
14251,TAT,TGT,Missense Substitution
14257,TTG,TGG,Missense Substitution
14272,TTA,TGA,Nonsense Substitution
14312,GAC,GAG,Missense Substitution
14330,CCT,CCA,Silent Substitution
14348,TTG,TTA,Silent Substitution
14471,GCA,GCT,Silent Substitution
14472,AAC,---,In-Frame Deletion
14475,TTT,---,In-Frame Deletion
14478,AAT,---,In-Frame Deletion
14481,GTT,---,In-Frame Deletion
14484,TTA,---,In-Frame Deletion
14487,TTC,---,In-Frame Deletion
14490,TCT,---,In-Frame Deletion
14493,ACA,---,In-Frame Deletion
14496,GTG,---,In-Frame Deletion
14499,TTC,---,In-Frame Deletion
14502,CCA,---,In-Frame Deletion
14564,GTT,GTG,Silent Substitution
14590,CTA,CAA,Missense Substitution
14613,GTA,TTA,Missense Substitution
14631,AGA,TGA,Nonsense Substitution
14649,TTA,GTA,Missense Substitution
14658,TAT,CAT,Missense Substitution
14690,TCT,TCG,Silent Substitution
14695,AAT,ATT,Missense Substitution
14749,AAT,AGT,Missense Substitution
14776,GGT,GCT,Missense Substitution
14780,AAT,AAC,Silent Substitution
14792,GAC,GAT,Silent Substitution
14799,GAC,CAC,Missense Substitution
14805,GCT,TCT,Missense Substitution
14823,TTT,GTT,Missense Substitution
14840,TCT,TCC,Silent Substitution
14848,TTA,TCA,Missense Substitution
14851,AAA,ATA,Missense Substitution
14874,GGT,CGT,Missense Substitution
14904,TAT,CAT,Missense Substitution
14907,CGT,AGT,Missense Substitution
14931,GAT,TAT,Missense Substitution
14947,CTA,CCA,Missense Substitution
15000,ATT,TTT,Missense Substitution
15018,ATC,CTC,Missense Substitution
15033,GAC,TAC,Missense Substitution
15089,GAT,GAC,Silent Substitution
15091,TCA,TGA,Nonsense Substitution
15097,AGT,AAT,Missense Substitution
15116,GCA,GCG,Silent Substitution
15124,GCA,GAA,Missense Substitution
15289,GGA,GTA,Missense Substitution
15296,ACT,ACC,Silent Substitution
15306,GGA,CGA,Missense Substitution
15387,TGG,AGG,Missense Substitution
15394,TAT,TTT,Missense Substitution
15407,GAT,GAA,Missense Substitution
15409,AGA,ACA,Missense Substitution
15529,AGT,AAT,Missense Substitution
15612,AGT,GGT,Missense Substitution
15671,GAT,GAC,Silent Substitution
15712,CAC,CCC,Missense Substitution
15716,AGA,AGC,Missense Substitution
15740,AAT,AAA,Missense Substitution
15792,CAT,TAT,Missense Substitution
15872,AGC,AGT,Silent Substitution
15885,AAG,TAG,Nonsense Substitution
15895,CTT,CCT,Missense Substitution
15929,GCA,GCT,Silent Substitution
15940,ACT,ATT,Missense Substitution
15961,GGA,GAA,Missense Substitution
16012,GAT,GCT,Missense Substitution
16015,TAT,TGT,Missense Substitution
16058,GCC,GCG,Silent Substitution
16105,ATT,ACT,Missense Substitution
16108,GAA,GCA,Missense Substitution
16126,GCT,GTT,Missense Substitution
16143,CTT,ATT,Missense Substitution
16186,TTG,TCG,Missense Substitution
16213,CAT,CTT,Missense Substitution
16268,GAT,GAA,Missense Substitution
16329,TTA,GTA,Missense Substitution
16333,CAG,CGG,Missense Substitution
16352,GTT,GTC,Silent Substitution
16385,GGT,GGA,Silent Substitution
16387,GCT,GGT,Missense Substitution
16389,TGC,GGC,Missense Substitution
16397,CGT,CGC,Silent Substitution
16424,TGT,TGA,Nonsense Substitution
16428,GAC,CAC,Missense Substitution
16458,GTC,TTC,Missense Substitution
16485,AAT,CAT,Missense Substitution
16516,A--,ATA,Frame-Shift Insertion
16518,---,CCA,In-Frame Insertion
16521,---,CTA,In-Frame Insertion
16524,---,GTC,In-Frame Insertion
16527,---,ATC,In-Frame Insertion
16530,--C,TTC,Frame-Shift Insertion
16553,TAT,TAA,Nonsense Substitution
16579,ACC,ATC,Missense Substitution
16593,TCC,CCC,Missense Substitution
16596,ATT,CTT,Missense Substitution
16627,ATA,AAA,Missense Substitution
16663,TGA,TTA,Read-through Substitution
16810,TGT,TCT,Missense Substitution
16843,TCT,TTT,Missense Substitution
16862,TAA,TAC,Read-through Substitution
16890,TGT,CGT,Missense Substitution
16893,CTT,ATT,Missense Substitution
16953,AAA,CAA,Missense Substitution
16976,TGT,TGC,Silent Substitution
16995,AAC,TAC,Missense Substitution
17006,ATT,ATG,Missense Substitution
17037,ACA,GCA,Missense Substitution
17048,AAT,AAC,Silent Substitution
17066,TA-,TAC,Frame-Shift Insertion
17067,---,AAA,In-Frame Insertion
17070,---,TCG,In-Frame Insertion
17073,---,GGT,In-Frame Insertion
17076,---,TCG,In-Frame Insertion
17079,---,CGG,In-Frame Insertion
17082,---,AAA,In-Frame Insertion
17085,---,CGC,In-Frame Insertion
17114,TTA,TTC,Missense Substitution
17175,ATT,CTT,Missense Substitution
17192,GTA,GTG,Silent Substitution
17224,CTG,CAG,Missense Substitution
17229,CTG,ATG,Missense Substitution
17269,ACC,AGC,Missense Substitution
17279,CTC,CTG,Silent Substitution
17285,TAG,TAT,Read-through Substitution
17297,CT-,CTG,Frame-Shift Insertion
17298,---,AAC,In-Frame Insertion
17301,---,TAG,In-Frame Insertion
17304,---,TAG,In-Frame Insertion
17307,---,ATC,In-Frame Insertion
17310,---,GAC,In-Frame Insertion
17326,GCT,GTT,Missense Substitution
17333,GAT,GAC,Silent Substitution
17409,GAG,TAG,Nonsense Substitution
17477,TTG,TTT,Missense Substitution
17481,GAG,AAG,Missense Substitution
17498,ATA,ATG,Missense Substitution
17553,GCC,ACA,Missense Substitution
17581,TAC,TGC,Missense Substitution
17645,CCA,CCT,Silent Substitution
17646,GAA,AAA,Missense Substitution
17688,CCA,GCA,Missense Substitution
17791,TCA,TAA,Nonsense Substitution
17826,ATC,CTC,Missense Substitution
17873,GTG,GTC,Silent Substitution
17895,AAC,GAC,Missense Substitution
17915,GCT,GCA,Silent Substitution
17981,CAA,CAC,Missense Substitution
18004,TCA,TTA,Missense Substitution
18017,TAT,TAC,Silent Substitution
18039,GAA,CAA,Missense Substitution
18047,GCT,GCC,Silent Substitution
18056,TGT,TGG,Missense Substitution
18064,AAC,ATC,Missense Substitution
18073,AAT,ACT,Missense Substitution
18089,AGA,AGG,Silent Substitution
18094,AAA,ACA,Missense Substitution
18109,TGC,TCC,Missense Substitution
18128,GAC,GAG,Missense Substitution
18215,TTT,TTG,Missense Substitution
18221,GAT,GAG,Missense Substitution
18281,GAC,GAA,Missense Substitution
18286,AAA,ATA,Missense Substitution
18335,GAC,GAG,Missense Substitution
18363,ATG,TTG,Missense Substitution
18384,CAA,AAA,Missense Substitution
18445,GCA,GTA,Missense Substitution
18512,TTA,TTC,Missense Substitution
18558,GGT,CGT,Missense Substitution
18605,GCT,GCA,Silent Substitution
18615,CCT,GCT,Missense Substitution
18710,ACA,ACG,Silent Substitution
18713,CTT,CTG,Silent Substitution
18717,---,CTA,In-Frame Insertion
18720,---,TCC,In-Frame Insertion
18723,---,CAC,In-Frame Insertion
18726,---,AGT,In-Frame Insertion
18729,--A,TAA,Frame-Shift Insertion
18781,TGA,TAA,Silent Substitution
18788,CTA,CTC,Silent Substitution
18798,TTG,ATG,Missense Substitution
18868,CAG,CCG,Missense Substitution
18913,TCT,TAT,Missense Substitution
18944,AAT,AAA,Missense Substitution
18985,ATT,AAT,Missense Substitution
18993,TCC,GCC,Missense Substitution
19007,CAC,CAG,Missense Substitution
19039,GGT,GCT,Missense Substitution
19054,ACG,ATG,Missense Substitution
19073,GT-,GTT,Frame-Shift Insertion
19074,---,TTG,In-Frame Insertion
19077,---,GTA,In-Frame Insertion
19080,---,GCA,In-Frame Insertion
19083,---,TGT,In-Frame Insertion
19086,---,TGT,In-Frame Insertion
19089,---,TCC,In-Frame Insertion
19092,---,GGA,In-Frame Insertion
19095,---,AGC,In-Frame Insertion
19174,ATG,AGG,Missense Substitution
19229,GGT,GGC,Silent Substitution
19243,ATT,AGT,Missense Substitution
19254,CCT,ACT,Missense Substitution
19295,CCT,CCA,Silent Substitution
19304,GAC,GAA,Missense Substitution
19357,AAA,ACA,Missense Substitution
19372,GTA,GAA,Missense Substitution
19424,GTT,GTC,Silent Substitution
19488,TAT,CCT,Missense Substitution
19497,AAA,TAA,Nonsense Substitution
19514,ACA,ACT,Silent Substitution
19515,CCA,TCA,Missense Substitution
19526,GAT,GAG,Missense Substitution
19527,AAA,TAA,Nonsense Substitution
19530,AGT,GGT,Missense Substitution
19581,CCA,ACA,Missense Substitution
19638,TCT,CCT,Missense Substitution
19655,ACA,ACT,Silent Substitution
19678,GTC,GCC,Missense Substitution
19684,AGA,AAA,Missense Substitution
19703,TAC,TAA,Nonsense Substitution
19737,TCA,ACA,Missense Substitution
19799,TTT,TTC,Silent Substitution
19802,ACA,ACC,Silent Substitution
19810,CAG,CTG,Missense Substitution
19835,AAT,AAA,Missense Substitution
19869,GGT,TGT,Missense Substitution
19880,CCA,CCT,Silent Substitution
19890,ATT,TTT,Missense Substitution
19899,ACT,GCT,Missense Substitution
19915,GTT,GCT,Missense Substitution
19937,TTG,TTT,Missense Substitution
19939,TTT,TGA,Nonsense Substitution
19995,AAC,CAC,Missense Substitution
20020,AAA,ACA,Missense Substitution
20023,ATA,AGA,Missense Substitution
20046,ATT,GTT,Missense Substitution
20052,GCT,ACT,Missense Substitution
20063,GTG,GTT,Silent Substitution
20121,ATG,CTG,Missense Substitution
20131,ATA,AAA,Missense Substitution
20142,CCA,GCA,Missense Substitution
20234,GTT,GTG,Silent Substitution
20277,GGT,CGT,Missense Substitution
20360,GAT,GAC,Silent Substitution
20367,GTC,CTG,Missense Substitution
20414,CAA,CAG,Silent Substitution
20440,GAA,GTA,Missense Substitution
20517,GTT,CTT,Missense Substitution
20552,GGT,GGA,Silent Substitution
20553,TTA,GTA,Missense Substitution
20591,GAA,GAT,Missense Substitution
20637,AAA,TAA,Nonsense Substitution
20692,GTT,GGT,Missense Substitution
20739,GAT,TAT,Missense Substitution
20746,TCT,TAT,Missense Substitution
20813,AAA,AAC,Missense Substitution
20840,CCA,CCT,Silent Substitution
20932,CAA,CTA,Missense Substitution
20973,ATG,CTG,Missense Substitution
20981,GTC,GTT,Silent Substitution
20984,GCA,GCT,Silent Substitution
21013,AAC,ACC,Missense Substitution
21027,GCT,ACT,Missense Substitution
21067,GGT,GCT,Missense Substitution
21094,A--,ACG,Frame-Shift Insertion
21096,---,ATT,In-Frame Insertion
21099,---,CAG,In-Frame Insertion
21102,---,CGA,In-Frame Insertion
21105,---,ATG,In-Frame Insertion
21108,---,GCT,In-Frame Insertion
21111,---,ACA,In-Frame Insertion
21114,---,GAC,In-Frame Insertion
21125,TTT,TTC,Silent Substitution
21135,GGT,CGT,Missense Substitution
21139,TGC,TAC,Missense Substitution
21146,CGG,CGC,Silent Substitution
21153,TGC,CGC,Missense Substitution
21207,TTG,CTG,Silent Substitution
21231,CAG,AAG,Missense Substitution
21250,TCA,TTA,Missense Substitution
21312,AGG,CGG,Silent Substitution
21362,TTG,TTA,Silent Substitution
21363,GAG,AAG,Missense Substitution
21392,AAC,AAA,Missense Substitution
21399,GGA,AGA,Missense Substitution
21456,CTA,TTA,Silent Substitution
21503,ATT,ATG,Missense Substitution
21522,---,ATC,In-Frame Insertion
21525,---,CCC,In-Frame Insertion
21528,---,ATG,In-Frame Insertion
21531,---,AAT,In-Frame Insertion
21534,---,AGC,In-Frame Insertion
21537,---,CGC,In-Frame Insertion
21540,---,AAG,In-Frame Insertion
21543,-AA,GAA,Frame-Shift Insertion
21550,ATA,ACA,Missense Substitution
21566,ATG,ATT,Missense Substitution
21625,TTA,TAA,Nonsense Substitution
21662,GGT,GGC,Silent Substitution
21704,ATG,ATT,Missense Substitution
21761,GTT,GTG,Silent Substitution
21797,AAC,AAA,Missense Substitution
21801,GTT,CTT,Missense Substitution
21822,GCC,TCC,Missense Substitution
21848,TAA,TAG,Silent Substitution
21906,TTA,ATA,Missense Substitution
21921,AGT,TGT,Missense Substitution
21929,CAG,CAC,Missense Substitution
21937,AGT,AAT,Missense Substitution
21947,TTC,TTG,Missense Substitution
22058,TAA,TAC,Read-through Substitution
22183,TAA,TTA,Read-through Substitution
22185,AGT,GGT,Missense Substitution
22219,TTT,TAT,Missense Substitution
22241,AAA,AAG,Silent Substitution
22257,GGA,AGA,Missense Substitution
22260,AAG,CAG,Missense Substitution
22267,GTT,GCT,Missense Substitution
22310,TGT,TGG,Missense Substitution
22370,GGA,GGT,Silent Substitution
22415,TAA,TAC,Read-through Substitution
22430,TAA,TAC,Read-through Substitution
22460,TTC,TTG,Missense Substitution
22463,GGC,GGT,Silent Substitution
22466,TTT,TTC,Silent Substitution
22470,ACC,GCC,Missense Substitution
22477,GGT,GAT,Missense Substitution
22487,GCC,GCA,Silent Substitution
22508,TAG,TAT,Read-through Substitution
22511,GTT,GTG,Silent Substitution
22553,TGG,TGA,Nonsense Substitution
22562,TTC,TTT,Silent Substitution
22575,AGC,TGC,Missense Substitution
22800,CTT,TTT,Missense Substitution
22851,TGC,CGC,Missense Substitution
22858,GAA,GTA,Missense Substitution
22895,TTC,TTT,Silent Substitution
22955,TAA,TAT,Read-through Substitution
22985,CTA,CTC,Silent Substitution
23003,AAT,AAC,Silent Substitution
23009,AGG,AGA,Silent Substitution
23112,TAA,GAA,Read-through Substitution
23170,GAA,GGA,Missense Substitution
23178,TCT,CCT,Missense Substitution
23202,TTC,GTC,Missense Substitution
23246,TGT,TGC,Silent Substitution
23269,TCC,TTC,Missense Substitution
23276,ACA,ACT,Silent Substitution
23318,ACC,ACA,Silent Substitution
23339,TTC,TTG,Missense Substitution
23368,TGT,TCT,Missense Substitution
23380,TAA,TTA,Read-through Substitution
23384,AAA,AAT,Missense Substitution
23433,TTT,CTT,Missense Substitution
23454,TAC,AAC,Missense Substitution
23500,AGA,ATA,Missense Substitution
23522,TGC,TGT,Silent Substitution
23563,ACC,AAC,Missense Substitution
23570,TTC,TTA,Missense Substitution
23616,CCA,GCA,Missense Substitution
23624,TGC,TGA,Nonsense Substitution
23637,GGA,TGA,Nonsense Substitution
23651,CAC,CAG,Missense Substitution
23704,TTA,TAA,Nonsense Substitution
23745,TTT,ATA,Missense Substitution
23848,GGC,GCA,Missense Substitution
23863,TAG,TCG,Read-through Substitution
23877,TGC,CGC,Missense Substitution
23891,GTC,GTA,Silent Substitution
23905,AAA,AGA,Missense Substitution
23952,TAC,AAT,Missense Substitution
23963,TGT,TGA,Nonsense Substitution
23969,CAC,CAG,Missense Substitution
24009,TTG,CTG,Silent Substitution
24029,TGG,TGC,Missense Substitution
24066,TGG,AGG,Missense Substitution
24072,TTT,ATC,Missense Substitution
24100,AAC,ACC,Missense Substitution
24128,AAA,AAT,Missense Substitution
24140,AGT,AGA,Missense Substitution
24145,TGC,TAC,Missense Substitution
24150,AGT,TGT,Missense Substitution
24181,TAA,TGA,Silent Substitution
24235,AAG,ACG,Missense Substitution
24264,TTT,CTT,Missense Substitution
24304,ACA,ATA,Missense Substitution
24307,ATA,AGA,Missense Substitution
24352,TGC,TCC,Missense Substitution
24393,CAC,GAC,Missense Substitution
24530,AGT,AGC,Silent Substitution
24570,CAA,GAA,Missense Substitution
24608,CTC,CTT,Silent Substitution
24655,CAA,CGA,Missense Substitution
24659,CCA,CCC,Silent Substitution
24673,TTT,TCT,Missense Substitution
24675,AAA,GAA,Missense Substitution
24679,CAC,CGC,Missense Substitution
24689,TAA,TAC,Read-through Substitution
24857,AGC,AGA,Missense Substitution
24872,TGC,TGT,Silent Substitution
24968,ACC,ACA,Silent Substitution
25012,AGA,ACA,Missense Substitution
25048,TGA,TCA,Read-through Substitution
25073,TGA,TGG,Read-through Substitution
25089,---,TGC,In-Frame Insertion
25092,---,CAC,In-Frame Insertion
25095,---,TAA,In-Frame Insertion
25098,---,AGT,In-Frame Insertion
25133,GAA,GAT,Missense Substitution
25144,ACC,AAC,Missense Substitution
25205,AAT,AAG,Missense Substitution
25210,CAA,CGA,Missense Substitution
25301,TGT,TGA,Nonsense Substitution
25302,TGA,GGA,Read-through Substitution
25400,TCT,TCG,Silent Substitution
25404,CGA,GGA,Missense Substitution
25448,GCC,GCT,Silent Substitution
25507,TAT,TCT,Missense Substitution
25510,GCT,GAT,Missense Substitution
25542,CAA,TAA,Nonsense Substitution
25581,TGA,CGA,Read-through Substitution
25592,CTC,CTA,Silent Substitution
25602,GCT,ACT,Missense Substitution
25643,ATG,ATA,Missense Substitution
25678,GTA,GCA,Missense Substitution
25697,GAA,GAC,Missense Substitution
25781,ATT,ATC,Silent Substitution
25854,GCA,CCA,Missense Substitution
25864,AAG,ACG,Missense Substitution
25871,GTT,GTC,Silent Substitution
25873,CAC,CGC,Missense Substitution
25911,TAC,CAC,Missense Substitution
25969,GCT,GTT,Missense Substitution
25977,TAC,AAC,Missense Substitution
26011,ATA,AAA,Missense Substitution
26032,TGG,TTG,Missense Substitution
26114,ATA,ATT,Silent Substitution
26116,CCT,CTT,Missense Substitution
26134,TCT,TGT,Missense Substitution
26143,GTC,GCC,Missense Substitution
26159,GAT,GAG,Missense Substitution
26178,TCT,ACT,Missense Substitution
26222,GAA,GAT,Missense Substitution
26246,GTA,GTT,Silent Substitution
26273,TAT,TAA,Nonsense Substitution
26280,CTG,TTG,Silent Substitution
26288,TCA,TCC,Silent Substitution
26377,A--,AGG,Frame-Shift Insertion
26379,---,CAA,In-Frame Insertion
26382,---,TGC,In-Frame Insertion
26469,GCC,ACC,Missense Substitution
26472,TTT,GTT,Missense Substitution
26476,GTA,GAA,Missense Substitution
26504,TAT,TAG,Nonsense Substitution
26540,AAT,AAA,Missense Substitution
26548,TAG,TGG,Read-through Substitution
26561,TT-,TTG,Frame-Shift Insertion
26562,---,GTC,In-Frame Insertion
26565,---,GCA,In-Frame Insertion
26568,---,CAT,In-Frame Insertion
26571,---,GTT,In-Frame Insertion
26574,---,TTT,In-Frame Insertion
26577,---,ATT,In-Frame Insertion
26580,---,GGG,In-Frame Insertion
26583,---,AGT,In-Frame Insertion
26605,TCT,TGT,Missense Substitution
26732,CTA,CTT,Silent Substitution
26831,TAC,TAA,Nonsense Substitution
26881,TTT,TGT,Missense Substitution
26885,CCT,CCA,Silent Substitution
26888,ATT,ATG,Missense Substitution
26974,GTT,GCT,Missense Substitution
26977,ATG,AAG,Missense Substitution
27137,GTC,GTA,Silent Substitution
27170,CGT,CGA,Silent Substitution
27180,TGG,GGG,Missense Substitution
27189,TCT,CCT,Missense Substitution
27261,TGG,GGG,Missense Substitution
27284,TGA,TGT,Read-through Substitution
27285,CAT,GAT,Missense Substitution
27291,GGA,ATA,Missense Substitution
27294,CCT,ACT,Missense Substitution
27304,AGA,ACA,Missense Substitution
27360,GCG,TCG,Missense Substitution
27370,AGG,ACC,Missense Substitution
27392,ATA,ATC,Silent Substitution
27419,TAA,TAC,Read-through Substitution
27447,TGA,CGA,Read-through Substitution
27486,TGT,TTG,Missense Substitution
27579,TCA,ACA,Missense Substitution
27608,CTA,CTT,Silent Substitution
27627,---,CCT,In-Frame Insertion
27630,---,GTG,In-Frame Insertion
27633,---,CAG,In-Frame Insertion
27636,---,TCT,In-Frame Insertion
27639,---,ATC,In-Frame Insertion
27642,---,CGT,In-Frame Insertion
27645,---,GGC,In-Frame Insertion
27648,---,TCA,In-Frame Insertion
27651,--A,GTA,Frame-Shift Insertion
27655,ATA,AAA,Missense Substitution
27672,AGA,CGA,Silent Substitution
27738,CGC,TGC,Missense Substitution
27769,GTG,GCA,Missense Substitution
27870,GAC,CAC,Missense Substitution
27901,TTG,TCG,Missense Substitution
27955,TAA,TGA,Silent Substitution
27969,ACA,TCA,Missense Substitution
28016,TGC,TGG,Missense Substitution
28022,AAT,AAC,Silent Substitution
28041,CTT,TTT,Missense Substitution
28113,CTG,TTG,Silent Substitution
28128,TTA,CTA,Silent Substitution
28270,CAG,CTG,Missense Substitution
28298,GTA,GTG,Silent Substitution
28335,TGG,AGG,Missense Substitution
28362,---,GTG,In-Frame Insertion
28365,---,ATT,In-Frame Insertion
28368,---,GAA,In-Frame Insertion
28371,---,TGC,In-Frame Insertion
28374,---,CAT,In-Frame Insertion
28396,TTG,TCG,Missense Substitution
28434,TAC,GAC,Missense Substitution
28438,ATC,AGC,Missense Substitution
28450,AAT,AGT,Missense Substitution
28479,ATT,GTT,Missense Substitution
28542,TTA,ATA,Missense Substitution
28557,GTT,ATT,Missense Substitution
28641,TTA,GTA,Missense Substitution
28686,GAG,AAG,Missense Substitution
28696,GTG,GGG,Missense Substitution
28832,GCA,GCG,Silent Substitution
28913,GTC,GTA,Silent Substitution
28918,GAT,GCT,Missense Substitution
28924,ATT,ACT,Missense Substitution
28966,ATG,ACG,Missense Substitution
29028,ATC,GTC,Missense Substitution
29045,GCA,GCG,Silent Substitution
29138,GTC,GTG,Silent Substitution
29191,CTC,CCC,Missense Substitution
29197,GCA,GTA,Missense Substitution
29199,GCA,CCA,Missense Substitution
29240,GCG,GCA,Silent Substitution
29259,TGC,GGC,Missense Substitution
29299,TGT,TCT,Missense Substitution
29319,AAC,GAC,Missense Substitution
29374,GGC,GCC,Missense Substitution
29425,GAC,GGC,Missense Substitution
29435,CAG,CAT,Missense Substitution
29578,CGG,CAG,Missense Substitution
29582,GAA,GAT,Missense Substitution
29661,AGC,TGC,Missense Substitution
29669,TTG,TTT,Missense Substitution
29688,CAC,GAC,Missense Substitution
29694,CAG,GAG,Missense Substitution
29725,CTG,CGG,Missense Substitution
29771,CTG,CTT,Silent Substitution
29773,TGA,TTA,Read-through Substitution
29795,ATT,ATG,Missense Substitution
29861,CTC,CTA,Silent Substitution
29863,ATG,AAG,Missense Substitution
29877,GGC,TGC,Missense Substitution
29889,ATA,GTA,Missense Substitution
29905,CTT,CCT,Missense Substitution
29912,CGT,CGA,Silent Substitution
29930,TAC,TAA,Nonsense Substitution
29934,TGT,CGT,Missense Substitution
29947,ATT,AGT,Missense Substitution
29976,TAG,AAG,Read-through Substitution
29996,CAT,CAG,Missense Substitution
30006,TAA,AAA,Read-through Substitution
30046,CCA,CGA,Missense Substitution
30048,CAT,ATT,Missense Substitution
30074,TAC,TAG,Nonsense Substitution
30107,GAG,GAT,Missense Substitution
30150,TAG,AAG,Read-through Substitution
30153,TGC,AGC,Missense Substitution
30165,GTG,TTG,Missense Substitution
30181,TCT,TAT,Missense Substitution
30185,TAG,TAA,Silent Substitution
30204,AAA,CAA,Missense Substitution
